mean	std
-0.03477319040018911	0.27437435887801676
