best_profit	one_std_profit
97513.7313635081	98252.9362900491
