best_profit	one_std_profit
175770.6517861351	78991.26996243304
