best_profit	one_std_profit
108918.34279793968	37934.37035542322
